date,time,open,high,low,close,volume
2026-02-16,03:45:00,3094,3095,3043,3062.3,48237
2026-02-16,03:48:00,3063,3070,3055,3058.9,15939
2026-02-16,03:51:00,3059.6,3069.7,3059.6,3068.2,7397
2026-02-16,03:54:00,3067.4,3070.1,3056,3057.9,10071
2026-02-16,03:57:00,3057.9,3061.9,3055,3060.7,5528
2026-02-16,04:00:00,3059.1,3071.4,3059,3070.3,6395
2026-02-16,04:03:00,3068.4,3072.7,3066.8,3069.9,7310
2026-02-16,04:06:00,3068.2,3071,3057.2,3065.3,6589
2026-02-16,04:09:00,3065.3,3065.3,3058.1,3060.3,3570
2026-02-16,04:12:00,3060,3062.8,3055,3057.8,3935
2026-02-16,04:15:00,3058,3060.8,3052.6,3053.2,6209
2026-02-16,04:18:00,3053.1,3055.6,3050.4,3055.6,4482
2026-02-16,04:21:00,3055,3065.3,3052,3055.1,6146
2026-02-16,04:24:00,3056.5,3062.5,3055,3062.1,3931
2026-02-16,04:27:00,3059,3070.1,3058.1,3068.5,3302
2026-02-16,04:30:00,3068.5,3071.9,3067.5,3068.3,3532
2026-02-16,04:33:00,3068.3,3069.8,3063,3065.2,1945
2026-02-16,04:36:00,3067,3069.2,3065,3067.3,1443
2026-02-16,04:39:00,3068.7,3071.6,3067.3,3069,2305
2026-02-16,04:42:00,3068.9,3077.7,3068,3074.3,4786
2026-02-16,04:45:00,3074.4,3078.8,3072.6,3073.2,3260
2026-02-16,04:48:00,3073.2,3079.2,3072,3074.7,3078
2026-02-16,04:51:00,3074.7,3078.7,3073,3076.8,1795
2026-02-16,04:54:00,3076.8,3076.8,3071,3071,1939
2026-02-16,04:57:00,3071,3073,3070.5,3073,1109
2026-02-16,05:00:00,3072.8,3073.6,3071,3072.6,737
2026-02-16,05:03:00,3072.6,3073.7,3066.9,3068.4,2442
2026-02-16,05:06:00,3068.4,3069.7,3066.5,3066.5,968
2026-02-16,05:09:00,3066,3068,3065,3067.5,1699
2026-02-16,05:12:00,3067.5,3069.6,3065,3065.4,463
2026-02-16,05:15:00,3065,3068,3060,3067.9,4691
2026-02-16,05:18:00,3067.9,3067.9,3062.8,3062.8,636
2026-02-16,05:21:00,3062.8,3065.2,3061,3063,605
2026-02-16,05:24:00,3063,3063,3061,3062,845
2026-02-16,05:27:00,3062,3066.9,3061.5,3065.6,952
2026-02-16,05:30:00,3065.6,3079,3061.7,3077,5146
2026-02-16,05:33:00,3075,3088.2,3072.3,3084.2,9063
2026-02-16,05:36:00,3084.2,3104.7,3080.6,3102.1,13252
2026-02-16,05:39:00,3102.1,3105,3096.1,3099.8,9543
2026-02-16,05:42:00,3099.8,3111.9,3098.3,3106,8777
2026-02-16,05:45:00,3105,3114,3105,3111.1,11522
2026-02-16,05:48:00,3111,3113.6,3106,3107,6175
2026-02-16,05:51:00,3107,3107,3102.2,3105.1,5174
2026-02-16,05:54:00,3106.6,3108,3101,3101,4602
2026-02-16,05:57:00,3101,3104.5,3100,3104.5,3642
2026-02-16,06:00:00,3104.5,3104.5,3101.2,3102.8,1332
2026-02-16,06:03:00,3102.8,3107.9,3102.8,3106.2,1983
2026-02-16,06:06:00,3106.2,3106.2,3103,3105,1273
2026-02-16,06:09:00,3105,3107.9,3103,3106.3,2489
2026-02-16,06:12:00,3106.3,3107.9,3100,3100,1897
2026-02-16,06:15:00,3100.1,3105.7,3086.1,3087,17046
2026-02-16,06:18:00,3087,3089.7,3082.3,3082.3,3009
2026-02-16,06:21:00,3082.3,3085.4,3077,3079.4,3929
2026-02-16,06:24:00,3078.8,3083.7,3078.8,3081,3226
2026-02-16,06:27:00,3081,3088.5,3080.2,3085,1390
2026-02-16,06:30:00,3085,3086.7,3081.9,3084.7,1598
2026-02-16,06:33:00,3085,3086.4,3082,3082.5,1303
2026-02-16,06:36:00,3082.5,3083.7,3076,3076.1,3591
2026-02-16,06:39:00,3076.1,3084.9,3076.1,3084,1876
2026-02-16,06:42:00,3084,3084.9,3079.7,3082.4,932
2026-02-16,06:45:00,3080.2,3081.9,3078,3081.5,779
2026-02-16,06:48:00,3083,3085,3082.3,3083.1,542
2026-02-16,06:51:00,3083.1,3084.9,3082.7,3082.7,852
2026-02-16,06:54:00,3082.7,3085,3082.1,3085,536
2026-02-16,06:57:00,3085,3085.1,3082,3083,417
2026-02-16,07:00:00,3083.9,3088,3082.1,3087.9,899
2026-02-16,07:03:00,3087.9,3088,3083.5,3083.5,629
2026-02-16,07:06:00,3083.5,3084.3,3080.9,3082.6,515
2026-02-16,07:09:00,3082.6,3084,3080.2,3084,398
2026-02-16,07:12:00,3084,3086.7,3084,3085,1109
2026-02-16,07:15:00,3085,3085,3083.1,3084.5,758
2026-02-16,07:18:00,3084.5,3087,3084,3085,973
2026-02-16,07:21:00,3085,3085.5,3076.1,3078,1307
2026-02-16,07:24:00,3080,3082,3074.6,3074.6,3728
2026-02-16,07:27:00,3074.6,3078,3074.6,3077.2,1533
2026-02-16,07:30:00,3077.2,3080,3075.7,3077,420
2026-02-16,07:33:00,3077,3079,3071.5,3076.1,2515
2026-02-16,07:36:00,3076.2,3076.2,3070.8,3071.2,1817
2026-02-16,07:39:00,3071.2,3075,3071.2,3075,877
2026-02-16,07:42:00,3075,3075,3071,3072,752
2026-02-16,07:45:00,3072,3075,3071.2,3074.8,890
2026-02-16,07:48:00,3074.8,3075,3071.4,3074.4,1977
2026-02-16,07:51:00,3075,3075,3072.4,3075,1153
2026-02-16,07:54:00,3075,3075,3073.3,3074,1378
2026-02-16,07:57:00,3075,3078.5,3072.3,3078,1787
2026-02-16,08:00:00,3078,3078,3071,3071,1267
2026-02-16,08:03:00,3071,3075,3071,3074.9,849
2026-02-16,08:06:00,3075,3079.8,3074.9,3079.6,618
2026-02-16,08:09:00,3079.6,3079.6,3075.6,3077,680
2026-02-16,08:12:00,3077,3077.4,3074,3074,270
2026-02-16,08:15:00,3074,3076.1,3071.5,3073.1,660
2026-02-16,08:18:00,3073.1,3075,3071.8,3074.2,448
2026-02-16,08:21:00,3074,3075.4,3071,3071,765
2026-02-16,08:24:00,3071.1,3072.4,3070,3070,1203
2026-02-16,08:27:00,3070.9,3074,3070,3072.8,645
2026-02-16,08:30:00,3072.8,3075.4,3072,3075.4,147
2026-02-16,08:33:00,3075.4,3075.4,3070.5,3071.3,246
2026-02-16,08:36:00,3071.3,3073.1,3070.5,3072.9,389
2026-02-16,08:39:00,3072.9,3077,3071,3077,902
2026-02-16,08:42:00,3077,3077,3073.7,3075,239
2026-02-16,08:45:00,3075,3078,3074.8,3075,731
2026-02-16,08:48:00,3075,3075.3,3073,3074.8,477
2026-02-16,08:51:00,3074.8,3074.9,3071,3072.7,948
2026-02-16,08:54:00,3072,3075,3072,3075,1554
2026-02-16,08:57:00,3075,3076.3,3074,3076.1,897
2026-02-16,09:00:00,3076.1,3079,3073.5,3078.2,2026
2026-02-16,09:03:00,3078.2,3078.2,3075.5,3076.1,1361
2026-02-16,09:06:00,3077.8,3078,3073.1,3073.4,2527
2026-02-16,09:09:00,3073.4,3073.4,3065.7,3071.3,5519
2026-02-16,09:12:00,3071.3,3072,3068.7,3070.4,1388
2026-02-16,09:15:00,3070.4,3074.5,3070,3071.6,1270
2026-02-16,09:18:00,3071.6,3073.7,3070.9,3071.7,555
2026-02-16,09:21:00,3072.6,3074,3066.9,3069.8,3287
2026-02-16,09:24:00,3068,3075,3067,3074,1956
2026-02-16,09:27:00,3074,3074,3067.1,3067.3,1390
2026-02-16,09:30:00,3068.8,3073.9,3067.2,3071.5,3148
2026-02-16,09:33:00,3071.5,3071.5,3058.6,3064.1,10332
2026-02-16,09:36:00,3064.1,3070,3062.7,3068.1,5708
2026-02-16,09:39:00,3068,3069.5,3066,3067,2797
2026-02-16,09:42:00,3067.7,3067.7,3060.1,3065,2828
2026-02-16,09:45:00,3063.8,3066.6,3060,3063.9,8950
2026-02-16,09:48:00,3064.9,3073.5,3058.5,3071.9,20405
2026-02-16,09:51:00,3072,3075,3068.4,3070.6,8159
2026-02-16,09:54:00,3069.6,3078.4,3065.7,3077,10699
2026-02-16,09:57:00,3077,3079.9,3070.8,3072.3,7792
2026-02-17,03:45:00,3088.1,3108,3073.6,3108,49212
2026-02-17,03:48:00,3102.4,3119.9,3093.3,3098.9,34289
2026-02-17,03:51:00,3098.9,3106,3090.6,3090.7,18835
2026-02-17,03:54:00,3089.1,3099.9,3086.8,3091.1,10401
2026-02-17,03:57:00,3091.1,3092.3,3078.6,3084.3,13094
2026-02-17,04:00:00,3084.9,3086.1,3078.5,3086.1,6455
2026-02-17,04:03:00,3083.7,3085,3079,3082.5,5225
2026-02-17,04:06:00,3080.5,3084.7,3077.7,3081,7870
2026-02-17,04:09:00,3082.5,3084,3076.8,3083.8,4877
2026-02-17,04:12:00,3083.8,3084,3076,3080.8,3879
2026-02-17,04:15:00,3082.6,3087.7,3076.5,3084.5,8026
2026-02-17,04:18:00,3084.5,3090.1,3083.1,3090.1,4102
2026-02-17,04:21:00,3091.5,3102.9,3091.5,3097,13292
2026-02-17,04:24:00,3097.2,3099.9,3092.1,3093.2,4050
2026-02-17,04:27:00,3093,3104.8,3090.5,3097.9,11580
2026-02-17,04:30:00,3099.6,3101.3,3091,3092.7,5020
2026-02-17,04:33:00,3092.7,3095,3088,3094,6422
2026-02-17,04:36:00,3092.3,3094.5,3086.1,3086.6,3939
2026-02-17,04:39:00,3086.5,3087.6,3081.1,3084.1,5798
2026-02-17,04:42:00,3084.1,3088.2,3084.1,3087,1906
2026-02-17,04:45:00,3087.4,3088.5,3084.3,3085.9,2740
2026-02-17,04:48:00,3085.9,3088.3,3084,3087,1196
2026-02-17,04:51:00,3088.3,3088.3,3084,3085,1930
2026-02-17,04:54:00,3085,3087.4,3081.7,3084.1,2411
2026-02-17,04:57:00,3081,3088,3081,3084,2286
2026-02-17,05:00:00,3084.8,3089.6,3084.5,3085.1,2731
2026-02-17,05:03:00,3085.1,3086.9,3084,3084.1,973
2026-02-17,05:06:00,3084.1,3085.8,3084,3084.2,966
2026-02-17,05:09:00,3084.2,3087.1,3084,3086,953
2026-02-17,05:12:00,3086,3086,3079,3081.1,5187
2026-02-17,05:15:00,3081.1,3083,3078,3078,1367
2026-02-17,05:18:00,3078.6,3083.7,3078.6,3080.9,1616
2026-02-17,05:21:00,3080.9,3082.4,3078.1,3081.6,1060
2026-02-17,05:24:00,3079.8,3083,3079,3081.2,953
2026-02-17,05:27:00,3082.5,3082.5,3060.8,3068,20893
2026-02-17,05:30:00,3068,3075,3068,3072.2,3085
2026-02-17,05:33:00,3073.8,3076,3070,3071.1,2679
2026-02-17,05:36:00,3071.1,3071.1,3065.1,3069,3577
2026-02-17,05:39:00,3069.2,3071.3,3065,3067.9,3385
2026-02-17,05:42:00,3067.9,3069.5,3065.3,3067.7,1267
2026-02-17,05:45:00,3067,3073.9,3066.6,3073.9,1899
2026-02-17,05:48:00,3074,3075,3072.1,3073.3,1602
2026-02-17,05:51:00,3073.3,3075,3072.9,3075,1337
2026-02-17,05:54:00,3075,3077.2,3073,3073,1648
2026-02-17,05:57:00,3073,3078,3073,3075,995
2026-02-17,06:00:00,3075,3079.3,3075,3079.3,1358
2026-02-17,06:03:00,3079.5,3084.5,3077,3081.8,5652
2026-02-17,06:06:00,3081.8,3085,3081,3084.3,1903
2026-02-17,06:09:00,3084.7,3085.1,3079,3080,1930
2026-02-17,06:12:00,3082.2,3082.2,3076.3,3078.1,1100
2026-02-17,06:15:00,3078.1,3081.8,3077.3,3080,1127
2026-02-17,06:18:00,3080,3080.5,3078,3079.9,811
2026-02-17,06:21:00,3079.9,3080,3075.2,3078.3,1341
2026-02-17,06:24:00,3079.9,3081.3,3076.1,3077,1690
2026-02-17,06:27:00,3077,3078,3075,3076,1098
2026-02-17,06:30:00,3076.9,3077.6,3072.1,3074,2096
2026-02-17,06:33:00,3074,3075.2,3074,3075.2,329
2026-02-17,06:36:00,3075,3076,3073,3074,624
2026-02-17,06:39:00,3074,3074.1,3071.9,3072,389
2026-02-17,06:42:00,3072,3074,3070,3073.5,2095
2026-02-17,06:45:00,3073,3081.5,3073,3080,3337
2026-02-17,06:48:00,3081.9,3081.9,3078.3,3080,297
2026-02-17,06:51:00,3080,3080.1,3078,3079.6,1798
2026-02-17,06:54:00,3079.6,3081.7,3079.5,3081.4,268
2026-02-17,06:57:00,3081.4,3083.7,3080.4,3080.4,2170
2026-02-17,07:00:00,3079,3080,3077.1,3080,440
2026-02-17,07:03:00,3080,3082,3077.6,3080.4,1835
2026-02-17,07:06:00,3078.6,3084.3,3078.6,3082.5,1047
2026-02-17,07:09:00,3082.5,3083,3079.5,3079.5,1477
2026-02-17,07:12:00,3079.5,3086.8,3079.5,3084.3,1652
2026-02-17,07:15:00,3084.2,3086.8,3080.7,3083,928
2026-02-17,07:18:00,3083,3098.7,3081.4,3091.1,18004
2026-02-17,07:21:00,3092.6,3109,3090.2,3100.9,13769
2026-02-17,07:24:00,3098.8,3100.8,3087.2,3090,6229
2026-02-17,07:27:00,3088.7,3099,3088.7,3098,3146
2026-02-17,07:30:00,3097,3107.5,3095,3105.3,7092
2026-02-17,07:33:00,3104.1,3105.3,3096,3099.6,4932
2026-02-17,07:36:00,3097.7,3103.9,3096,3101,4160
2026-02-17,07:39:00,3101.4,3105,3096,3098.7,6007
2026-02-17,07:42:00,3096.2,3099,3096,3096.4,1768
2026-02-17,07:45:00,3096.5,3101.3,3096.5,3099,2308
2026-02-17,07:48:00,3099,3100,3096.7,3099,2855
2026-02-17,07:51:00,3097.4,3110.8,3097,3107,14270
2026-02-17,07:54:00,3107.3,3107.3,3100.8,3104.9,4712
2026-02-17,07:57:00,3104.9,3104.9,3100,3104.4,1630
2026-02-17,08:00:00,3104.2,3105,3096,3096.6,4350
2026-02-17,08:03:00,3096.6,3100.5,3096,3097.2,1478
2026-02-17,08:06:00,3096.5,3097.8,3093.4,3094,3149
2026-02-17,08:09:00,3094,3095,3089.1,3091.6,4798
2026-02-17,08:12:00,3091.6,3094.4,3090,3092.4,733
2026-02-17,08:15:00,3093,3094.1,3090,3090,1966
2026-02-17,08:18:00,3090,3095,3090,3091.8,1696
2026-02-17,08:21:00,3093,3094.5,3090,3094.5,2685
2026-02-17,08:24:00,3094.5,3094.5,3090.2,3091.9,996
2026-02-17,08:27:00,3091.9,3092.7,3090,3092.4,1739
2026-02-17,08:30:00,3090.5,3096.7,3090.5,3094.6,2359
2026-02-17,08:33:00,3094.6,3094.6,3092,3092.6,711
2026-02-17,08:36:00,3093.9,3094.4,3092.4,3093,478
2026-02-17,08:39:00,3093,3098,3090.6,3094.5,2395
2026-02-17,08:42:00,3094.5,3096,3088,3088.6,2619
2026-02-17,08:45:00,3090,3093.3,3087,3093.3,1581
2026-02-17,08:48:00,3092,3094.5,3091.7,3092.5,987
2026-02-17,08:51:00,3092.9,3094.4,3090,3091.7,1094
2026-02-17,08:54:00,3091.7,3094,3091.7,3092.4,1068
2026-02-17,08:57:00,3092.4,3095,3092,3092,2020
2026-02-17,09:00:00,3092,3093.8,3090,3092.5,709
2026-02-17,09:03:00,3091.3,3092,3090,3090.1,284
2026-02-17,09:06:00,3090.1,3094,3090.1,3094,1427
2026-02-17,09:09:00,3094,3096.8,3092.5,3094.3,1925
2026-02-17,09:12:00,3094.6,3102.1,3094.6,3100.6,2855
2026-02-17,09:15:00,3100.8,3104,3100.7,3100.7,1574
2026-02-17,09:18:00,3102.2,3102.6,3096.4,3096.9,4973
2026-02-17,09:21:00,3095.9,3099,3093.9,3097.5,4132
2026-02-17,09:24:00,3097.3,3099,3095.4,3095.4,1161
2026-02-17,09:27:00,3095.4,3101.3,3095.4,3098.3,4947
2026-02-17,09:30:00,3098.6,3099.5,3095.7,3097,1521
2026-02-17,09:33:00,3097.9,3097.9,3092,3092.1,6741
2026-02-17,09:36:00,3092.2,3096.9,3090,3096,7211
2026-02-17,09:39:00,3095.3,3096,3090.1,3090.3,2583
2026-02-17,09:42:00,3093.3,3097.9,3092.3,3094.8,6319
2026-02-17,09:45:00,3097,3097,3092.4,3094.7,5203
2026-02-17,09:48:00,3092.3,3107.9,3090.2,3107.9,24527
2026-02-17,09:51:00,3107.9,3107.9,3100,3101.5,9007
2026-02-17,09:54:00,3101.5,3110,3101.5,3105,8871
2026-02-17,09:57:00,3105,3105.9,3102,3102,6712
2026-02-18,03:45:00,3210.9,3233,3170,3182.2,248300
2026-02-18,03:48:00,3181.7,3194,3164,3170.1,77462
2026-02-18,03:51:00,3170.1,3173.6,3160.8,3163.2,31592
2026-02-18,03:54:00,3162.3,3176.9,3161,3163,25898
2026-02-18,03:57:00,3163,3182,3163,3172.5,33218
2026-02-18,04:00:00,3174.3,3188.6,3171.7,3184.1,40488
2026-02-18,04:03:00,3185.8,3185.8,3172.7,3172.7,18789
2026-02-18,04:06:00,3174.5,3177.5,3170,3173.1,16595
2026-02-18,04:09:00,3173.1,3174.8,3163.5,3165.9,15258
2026-02-18,04:12:00,3165.6,3176.4,3165.6,3168,10002
2026-02-18,04:15:00,3168,3174,3166.3,3171.6,6834
2026-02-18,04:18:00,3170,3170.4,3165.4,3165.4,8379
2026-02-18,04:21:00,3167,3167,3154.6,3157,28824
2026-02-18,04:24:00,3157,3158.8,3145,3148,29920
2026-02-18,04:27:00,3150,3156.2,3147,3152,15224
2026-02-18,04:30:00,3152,3152,3143,3148,11138
2026-02-18,04:33:00,3148,3154.9,3145,3154.9,8655
2026-02-18,04:36:00,3154.9,3155,3147.1,3155,5094
2026-02-18,04:39:00,3153.4,3153.4,3135.2,3143.9,16543
2026-02-18,04:42:00,3146,3148,3143.5,3147.1,3664
2026-02-18,04:45:00,3146.9,3149.6,3145,3146.9,3164
2026-02-18,04:48:00,3146.9,3153,3146,3148.5,6785
2026-02-18,04:51:00,3149.5,3149.5,3142,3143.8,8512
2026-02-18,04:54:00,3143.8,3145.5,3139,3140.2,3485
2026-02-18,04:57:00,3138.9,3143.4,3133.4,3139.9,16249
2026-02-18,05:00:00,3139.9,3142.2,3136,3139,5967
2026-02-18,05:03:00,3140.1,3142,3139,3141,4720
2026-02-18,05:06:00,3141,3142,3138,3138.5,2924
2026-02-18,05:09:00,3139.8,3142,3133,3140.9,8940
2026-02-18,05:12:00,3140,3149,3138.5,3149,6486
2026-02-18,05:15:00,3148.9,3149.8,3142.6,3148.1,5189
2026-02-18,05:18:00,3146.5,3162.7,3146.5,3160.8,19270
2026-02-18,05:21:00,3160.8,3170,3159,3162.8,18719
2026-02-18,05:24:00,3164.6,3179.9,3161.2,3176.9,30143
2026-02-18,05:27:00,3176.9,3178.3,3165.5,3170,14452
2026-02-18,05:30:00,3170,3196.5,3167,3182.8,45686
2026-02-18,05:33:00,3182.6,3243,3181,3233.6,165484
2026-02-18,05:36:00,3233.5,3240,3216.1,3230.3,74069
2026-02-18,05:39:00,3231.7,3325,3230,3298.2,322986
2026-02-18,05:42:00,3297.1,3308.9,3276.8,3289,149661
2026-02-18,05:45:00,3289.6,3364,3274.3,3358.6,267324
2026-02-18,05:48:00,3356.8,3368,3340.1,3350.4,154239
2026-02-18,05:51:00,3353.9,3373.7,3350,3365,146359
2026-02-18,05:54:00,3365,3375,3344.9,3350.6,119461
2026-02-18,05:57:00,3351.4,3363.8,3343.3,3357,80336
2026-02-18,06:00:00,3357,3412.7,3355,3390,261791
2026-02-18,06:03:00,3394,3448,3393.9,3448,249783
2026-02-18,06:06:00,3447.9,3488,3447.9,3470.1,323433
2026-02-18,06:09:00,3471.9,3493,3464.5,3485.6,190867
2026-02-18,06:12:00,3485,3530,3460.5,3508.7,334264
2026-02-18,06:15:00,3510,3517.9,3494,3495.3,157790
2026-02-18,06:18:00,3497.1,3508.2,3475.5,3504,183948
2026-02-18,06:21:00,3506.5,3528.8,3495.9,3507.1,150503
2026-02-18,06:24:00,3510,3511.3,3482.1,3483,105570
2026-02-18,06:27:00,3482.2,3535,3476.2,3497.8,215683
2026-02-18,06:30:00,3499.9,3499.9,3440.6,3442.2,282962
2026-02-18,06:33:00,3442.3,3471.1,3440.6,3460,107942
2026-02-18,06:36:00,3458.7,3461.5,3438,3444.4,76213
2026-02-18,06:39:00,3444.5,3459.1,3439,3445,69345
2026-02-18,06:42:00,3445,3445.6,3433,3440.9,64765
2026-02-18,06:45:00,3438.8,3469.2,3438.8,3469.2,87969
2026-02-18,06:48:00,3466.8,3471.8,3424.3,3449,142796
2026-02-18,06:51:00,3449,3450,3433,3436,55166
2026-02-18,06:54:00,3436,3443.8,3430,3438,54494
2026-02-18,06:57:00,3438,3447.7,3425,3428,72309
2026-02-18,07:00:00,3429.8,3431.9,3420,3423.8,82761
2026-02-18,07:03:00,3423.8,3424.5,3392.8,3411.3,168775
2026-02-18,07:06:00,3411.3,3420,3409,3415,44341
2026-02-18,07:09:00,3417.1,3419,3412,3416.9,20824
2026-02-18,07:12:00,3418,3447,3416.9,3443.6,73603
2026-02-18,07:15:00,3443,3449.9,3436.3,3444.3,63374
2026-02-18,07:18:00,3445,3459,3440,3453,74432
2026-02-18,07:21:00,3452.4,3456.9,3445,3447,55096
2026-02-18,07:24:00,3447.1,3464.8,3446.4,3456.1,53223
2026-02-18,07:27:00,3456.1,3459,3433.5,3435.5,62820
2026-02-18,07:30:00,3435,3443.9,3431,3438.3,29510
2026-02-18,07:33:00,3438.3,3440.4,3432.4,3433.7,16663
2026-02-18,07:36:00,3433.8,3434.6,3418,3428.2,53378
2026-02-18,07:39:00,3430.9,3430.9,3416,3416.5,33134
2026-02-18,07:42:00,3418.9,3420,3412,3416.9,33764
2026-02-18,07:45:00,3416.9,3423.8,3408.1,3423.7,33928
2026-02-18,07:48:00,3421,3428,3415.6,3421.1,34015
2026-02-18,07:51:00,3423.4,3440.8,3423.4,3431.1,40981
2026-02-18,07:54:00,3433.7,3436,3427.1,3432,23900
2026-02-18,07:57:00,3434,3434,3418,3418,21303
2026-02-18,08:00:00,3419.8,3419.8,3411,3412,15742
2026-02-18,08:03:00,3410,3421.4,3410,3420,21003
2026-02-18,08:06:00,3419,3428,3414.2,3425.7,20651
2026-02-18,08:09:00,3426.9,3427.9,3420,3420.2,10842
2026-02-18,08:12:00,3420.5,3430,3415.2,3428.6,15717
2026-02-18,08:15:00,3426.5,3428.4,3420.5,3425.8,16426
2026-02-18,08:18:00,3426.1,3428,3418,3419.4,17916
2026-02-18,08:21:00,3421,3421,3394.2,3397.9,74158
2026-02-18,08:24:00,3395,3397,3379.6,3379.8,92927
2026-02-18,08:27:00,3380.7,3385,3377,3378.5,58892
2026-02-18,08:30:00,3378.5,3380,3370.3,3379,50745
2026-02-18,08:33:00,3379,3380,3374.7,3377.9,19903
2026-02-18,08:36:00,3376.1,3386.6,3360.9,3377.2,70273
2026-02-18,08:39:00,3377,3388.9,3375,3387.8,32664
2026-02-18,08:42:00,3387.6,3387.6,3370,3372,42710
2026-02-18,08:45:00,3373.4,3376.6,3351,3352,68242
2026-02-18,08:48:00,3352,3358.5,3340,3341.1,111545
2026-02-18,08:51:00,3342,3346,3335.2,3339.9,55616
2026-02-18,08:54:00,3340,3341.5,3326.1,3329.1,65275
2026-02-18,08:57:00,3327.2,3336.8,3312,3335.7,100965
2026-02-18,09:00:00,3334.3,3335,3320,3327,58824
2026-02-18,09:03:00,3325.3,3342.4,3323,3334,64032
2026-02-18,09:06:00,3333.5,3342,3326.3,3340,44271
2026-02-18,09:09:00,3339.2,3342.6,3332,3339,34634
2026-02-18,09:12:00,3336,3344.9,3335,3336,45753
2026-02-18,09:15:00,3338.1,3357.9,3327.4,3346.7,72139
2026-02-18,09:18:00,3346.9,3350.1,3340.2,3344,38196
2026-02-18,09:21:00,3344,3346,3326.1,3328.9,43667
2026-02-18,09:24:00,3328,3339.9,3321,3337.9,41635
2026-02-18,09:27:00,3338.8,3343.8,3334,3338.2,22870
2026-02-18,09:30:00,3338.5,3371.3,3335.8,3369.2,78608
2026-02-18,09:33:00,3367.3,3402.2,3365,3395.7,182190
2026-02-18,09:36:00,3394.2,3395.8,3368.3,3375.2,109430
2026-02-18,09:39:00,3376,3377,3352,3358,106925
2026-02-18,09:42:00,3357.8,3374.1,3355,3368.6,55445
2026-02-18,09:45:00,3369.7,3379.9,3362.7,3370.5,88004
2026-02-18,09:48:00,3370.5,3383,3369.4,3372.7,105046
2026-02-18,09:51:00,3375,3386,3373.1,3379.5,44526
2026-02-18,09:54:00,3379.8,3386.8,3366.7,3369.4,74604
2026-02-18,09:57:00,3369,3376.7,3368,3375,29015